Name and ID,TransporterID,Position,Qualifications,ID expiration,Personal Phone Number,Work Phone Number,Email,Status
Carmen Abernathy,AK92X3BJNUBTF,"Helper, Driver","AMZL_HELPER, CDV, Standard Parcel , EDV, DOT, Step Van",2032-05-19,3955550124,+15865550105,driver031@example.com,ACTIVE
Beatrice  Sutherland,A1QVVPYVZD6R9F,"Helper, Driver","AMZL_HELPER, CDV, Standard Parcel , EDV",2032-01-30,5905550199,+12205550115,driver007@example.com,ACTIVE
Sabrina S Woodbridge,AM1LFFMLPUMPM,"Helper, Driver",,2028-11-15,4455550119,+15385550103,driver001@example.com,INACTIVE
Xavier Tabitha Bannister,A9KLW1P144EJA8,"Helper, Driver","AMZL_HELPER, CDV, Standard Parcel , EDV",2030-03-15,5375550173,+12205550115,driver002@example.com,ACTIVE
Colton Cleo Alderman,A1E4CRQE9TMGKN,"Helper, Driver","AMZL_HELPER, CDV, Standard Parcel , EDV",2029-09-08,2945550192,+12885550189,driver004@example.com,ACTIVE
Kendra Gemma Rainsford,A5WB9Y629G3A95,"Helper, Driver","AMZL_HELPER, CDV, Standard Parcel , EDV",2032-12-24,2025550141,+15125550146,driver005@example.com,ACTIVE
Jasper Desmond Holloway,A2C74O0LD4D9HD,"Helper, Driver","AMZL_HELPER, CDV, Standard Parcel , EDV, DOT, Step Van",2034-02-06,2165550111,+12185550132,driver006@example.com,ACTIVE
Darcy Isidro  Gresham,A9CW8HB7Y0K8F4,"Helper, Driver","CDV, Standard Parcel , EDV, DOT, Step Van",2028-09-19,5315550101,+15315550101,driver008@example.com,ACTIVE
Darcy Lindqvist,A5C89KIOHQ4K4J,"Helper, Driver","AMZL_HELPER, CDV, Standard Parcel , EDV",2030-11-11,8405550124,+12285550114,driver019@example.com,ACTIVE
Nell Bellamy,ANC8ZRCZP4NFS,"Helper, Driver","CDV, Standard Parcel , EDV, DOT, Step Van",2029-06-10,5845550185,+15125550146,driver009@example.com,ACTIVE
Micah Tobias Kingsley,AO2I4MJ59WDHS,"Helper, Driver","AMZL_HELPER, CDV, Standard Parcel , EDV, In Home Delivery",2034-02-04,4125550181,+15515550124,driver066@example.com,ACTIVE
Cleo Vandermeer,AC32BQGN2MON3,"Helper, Driver","AMZL_HELPER, CDV, Standard Parcel , EDV",2031-09-17,2105550194,+15125550146,driver010@example.com,ACTIVE
Elodie Hadley Hargrove,A6URN0K4YHEUUX,"Helper, Driver","AMZL_HELPER, CDV, Standard Parcel , EDV",2028-05-04,7735550198,+16585550194,driver011@example.com,ACTIVE
Mabel Vera  Kensington,A5QUM4XU1H9HQS,"Helper, Driver","CDV, Standard Parcel , EDV",2029-06-18,6355550108,+16115550164,driver012@example.com,ACTIVE
Harlan Soren Clemmons,A9D25MDVZ2T1ON,"Helper, Driver","AMZL_HELPER, CDV, Standard Parcel , EDV",2033-12-16,9985550197,+16145550122,driver013@example.com,ACTIVE
Andre Abigail Birchfield,A5RXCA3MBPDO7R,"Helper, Driver","AMZL_HELPER, CDV, Standard Parcel , EDV",2034-04-07,3745550147,+18165550116,driver015@example.com,ACTIVE
Cecil Lovell,A8N6UO5LI8QF7V,"Helper, Driver","AMZL_HELPER, CDV, Standard Parcel , EDV",2034-12-08,8045550114,+16145550122,driver017@example.com,ACTIVE
Paloma Wendell Lindqvist,A2ET6O3NEIF12O,"Helper, Driver","AMZL_HELPER, CDV, Standard Parcel , EDV, DOT, Step Van",2030-08-26,7155550132,+17155550132,driver018@example.com,ACTIVE
Rhea Ravenscroft,AFRYVFGBLTBTV,"Helper, Driver","CDV, EDV, Standard Parcel ",2028-07-15,3255550154,+13255550154,driver003@example.com,ACTIVE
Hector Orson Underhill,A47PHJICWDVAB9,"Helper, Driver","AMZL_HELPER, CDV, Standard Parcel , EDV, DOT, Step Van",2030-01-15,9805550196,+16145550122,driver026@example.com,ACTIVE
Edith Dalia  Hawthorne,A9C6T83A3QX1LH,"Helper, Driver","AMZL_HELPER, CDV, Standard Parcel , EDV",2031-06-21,7455550117,+16735550122,driver020@example.com,ACTIVE
Jasper Sabrina Ormsby,A27JRTOBIATHR4,"Helper, Driver","CDV, Standard Parcel , EDV, DOT, Step Van",2033-02-28,4765550198,+16205550191,driver025@example.com,ACTIVE
Nolan Anika Wakefield,A5JGA6O3VGJC9D,"Helper, Driver","AMZL_HELPER, CDV, Standard Parcel , EDV",2029-10-16,8885550132,+16205550191,driver021@example.com,ACTIVE
Nolan Fabian  Ingram,A5SS582O3QKIFM,"Helper, Driver","CDV, Standard Parcel , EDV",2031-07-08,5965550157,+17465550117,driver022@example.com,ACTIVE
Greta Nolan Underhill,A7OFM0ZTRYMOYG,"Helper, Driver","AMZL_HELPER, CDV, Standard Parcel , EDV, DOT, Step Van",2031-10-25,7655550173,+16115550164,driver023@example.com,ACTIVE
Elias olive Calloway,A7XH9404B428LL,"Helper, Driver","AMZL_HELPER, CDV, Standard Parcel , EDV",2029-09-09,4145550115,+16585550194,driver063@example.com,ACTIVE
Leopold Sawyer Caldwell,A6LA5Y7P3AGUTC,"Helper, Driver","CDV, Standard Parcel , EDV",2033-07-16,7915550139,+19825550165,driver028@example.com,ACTIVE
Zane Quentin Applewhite,A4OQGIPQ6DAKF4,"Helper, Driver","CDV, Standard Parcel , EDV, Step Van",2033-03-18,8725550178,+15845550114,driver027@example.com,ACTIVE
Gideon Sandoval,A4WYVIDR8CY1CT,"Helper, Driver","AMZL_HELPER, CDV, Standard Parcel , EDV",2032-07-15,6545550168,+14745550108,driver029@example.com,INACTIVE
Zelda  Miriam Hartwell,A1XKE42LNWTCBT,"Helper, Driver","AMZL_HELPER, CDV, Standard Parcel , EDV",2030-03-09,7745550117,+12965550118,driver030@example.com,ACTIVE
Sawyer  Alicia Lovell,A5WQMBLD6568JB,"Helper, Driver","AMZL_HELPER, CDV, Standard Parcel , EDV",2032-08-09,9695550170,+12205550115,driver014@example.com,ACTIVE
Harlan Vera Penrose,A2051ICVODZP9E,"Helper, Driver","AMZL_HELPER, CDV, Standard Parcel , EDV, DOT, Step Van",2032-01-31,5205550194,+15205550194,driver032@example.com,ACTIVE
Odette Kendra Granger,A3MJ5TH3ODPWW,"Helper, Driver","AMZL_HELPER, CDV, Standard Parcel , EDV",2029-06-03,7445550151,+15865550105,driver061@example.com,ACTIVE
Jenna Delia Rainsford,A30BLJHHQILDNC,"Helper, Driver","CDV, Standard Parcel , Step Van",2026-02-08,6085550145,+16085550145,driver033@example.com,INACTIVE
Nolan Phoebe Rainsford,A8KSSZB6LALEOL,"Helper, Driver","CDV, Standard Parcel , EDV, DOT, Step Van",2032-04-26,5545550191,+16145550122,driver034@example.com,ACTIVE
Mason Clemmons,A54O2F1DYNOEKN,"Helper, Driver","AMZL_HELPER, CDV, Standard Parcel , EDV",2031-03-24,3635550159,+13635550159,driver035@example.com,ACTIVE
Sawyer Orson Dunmore,A60QQC2PYF9MC5,"Helper, Driver","AMZL_HELPER, CDV, Standard Parcel , EDV, DOT, Step Van",2031-09-09,4965550175,+19325550136,driver037@example.com,ACTIVE
Greta Bennett Eastwood,A63AK2RYZDOMF0,"Helper, Driver","AMZL_HELPER, CDV, Standard Parcel , EDV",2033-05-05,4525550112,+16585550194,driver038@example.com,ACTIVE
Carmen Andre Hawthorne,A0U9BOPMI0WOD9,"Helper, Driver","AMZL_HELPER, CDV, Standard Parcel , EDV",2030-02-08,8075550110,+18365550104,driver039@example.com,ACTIVE
Phoebe  Gemma  Holloway,A4S6I3ZV10EUC4,"Helper, Driver","AMZL_HELPER, CDV, Standard Parcel , EDV, DOT, Step Van",2033-07-12,7245550157,+15085550137,driver040@example.com,ACTIVE
Silas  Micah Stillwell,A9I9EV8H0EM4FY,"Helper, Driver","AMZL_HELPER, CDV, Standard Parcel , EDV",2029-06-19,8115550175,+12205550115,driver062@example.com,ACTIVE
Archer Greta Underhill,A0R9UJ713V4B0X,"Helper, Driver","AMZL_HELPER, CDV, Standard Parcel , EDV",2029-03-29,4655550120,+19985550116,driver041@example.com,ACTIVE
Paloma Marcus Selwyn,A0DZDWECHDJ5TO,"Helper, Driver","CDV, EDV, Standard Parcel ",2028-06-08,6635550109,+15195550141,driver042@example.com,ACTIVE
Stella finley Upton,A44G2UFEKI28R8,"Helper, Driver","CDV, EDV, Standard Parcel ",2032-12-08,9335550162,+18765550147,driver044@example.com,ACTIVE
Marcus Anika  Clemmons,A5OSRXGF947IEY,"Helper, Driver","AMZL_HELPER, CDV, Standard Parcel , EDV, DOT, Step Van",2030-07-31,7495550161,+15865550105,driver045@example.com,ACTIVE
Desmond Soren Vance,A4W6CB11P1HIV1,"Helper, Driver","AMZL_HELPER, CDV, Standard Parcel , EDV",2028-08-07,4885550114,+12885550189,driver043@example.com,ACTIVE
Barrett Hadley Ainsworth,APC3N0EIX2VK4,"Helper, Driver","AMZL_HELPER, CDV, Standard Parcel , EDV",2029-08-27,8435550115,+18435550115,driver016@example.com,ACTIVE
Rhea Lockhart,AC7RVVCLB4P7H,"Helper, Driver","CDV, EDV, Standard Parcel , DOT, Step Van",2027-04-28,6815550165,+14395550193,driver059@example.com,ACTIVE
Miriam Nathaniel Huxley,AU9G43K0RMQVQ,"Helper, Driver","AMZL_HELPER, CDV, Standard Parcel , EDV",2026-11-27,5785550132,+19325550136,driver046@example.com,ACTIVE
Nadine  Olive Abernathy,A486QRCQCVMTG1,"Helper, Driver","AMZL_HELPER, CDV, Standard Parcel , EDV",2032-04-06,4735550176,+15865550113,driver076@example.com,ACTIVE
Caleb Tabitha Eldridge,A9ZG8P8IMK2LUL,"Helper, Driver","CDV, EDV, Standard Parcel , DOT, Step Van",2029-05-02,4775550160,+19325550136,driver065@example.com,ACTIVE
Hadley Elodie Ashdown,A8546F3HDB37FL,"Helper, Driver","AMZL_HELPER, CDV, Standard Parcel , EDV",2031-01-07,9215550181,+19215550181,driver048@example.com,ACTIVE
Quentin Carmen Hawthorne,A0IVCK2UTQ9OVR,"Helper, Driver","CDV, Standard Parcel , EDV, DOT, Step Van",2024-10-26,6365550117,+12365550156,driver047@example.com,INACTIVE
Yara Elodie Beaumont,A9Z8T0H4AP33R4,"Helper, Driver","AMZL_HELPER, CDV, Standard Parcel , EDV",2031-07-12,6065550188,+15945550134,driver050@example.com,ACTIVE
Olive Xavier Marlowe,A2A1CI9GH4T37,"Helper, Driver","AMZL_HELPER, CDV, Standard Parcel , EDV",2030-10-12,4175550145,+16585550194,driver051@example.com,ACTIVE
Elodie Ashdown,AW9CKWGLCCLMU,"Helper, Driver","AMZL_HELPER, CDV, Standard Parcel , EDV",2030-08-22,4935550171,+19825550165,driver052@example.com,ACTIVE
Blaine Cleo Dewitt,A9JB97ABCU8C81,"Helper, Driver","AMZL_HELPER, CDV, Standard Parcel , EDV",2026-09-19,5475550111,+13675550199,driver053@example.com,ACTIVE
Beatrice Esme Redmond,A5S9FXHBWJRB9D,"Helper, Driver","AMZL_HELPER, CDV, Standard Parcel , EDV",2030-04-20,9345550181,+19195550111,driver054@example.com,ACTIVE
Everett Ximena Bellamy,A1QHNFOZ7DGJTJ,"Helper, Driver","AMZL_HELPER, CDV, Standard Parcel , EDV",2026-08-22,2315550143,+15085550137,driver055@example.com,ACTIVE
Nolan Abernathy,A3QVN63ZJEGQYP,"Helper, Driver","AMZL_HELPER, CDV, Standard Parcel , EDV",2030-01-30,7155550170,+15945550134,driver056@example.com,ACTIVE
Desmond Dalia Fitzroy,A7SJ8FE0PNIK0B,"Helper, Driver","CDV, Standard Parcel , EDV",2031-07-10,9125550177,+17465550117,driver057@example.com,ACTIVE
Mason Felicia Winslow,A8LKEVUMZ2502T,"Helper, Driver","AMZL_HELPER, CDV, Standard Parcel , EDV",2029-06-23,5725550114,+12965550118,driver058@example.com,ACTIVE
Caleb  Nolan  Blackwell,A2ZUDELA4UHN2U,"Helper, Driver","AMZL_HELPER, CDV, Standard Parcel , EDV",2031-01-21,9265550123,+19265550123,driver064@example.com,ACTIVE
Caleb Wadsworth,A34KITC8D730CW,"Helper, Driver","CDV, Standard Parcel , EDV, DOT, Step Van",2031-07-06,4805550189,+19085550171,driver060@example.com,ACTIVE
Sloane  Winston Winslow,AWJ5XN1FMHXXV,"Helper, Driver","AMZL_HELPER, CDV, Standard Parcel , EDV",2031-07-15,8375550178,+16735550122,driver067@example.com,ACTIVE
Dominic Cleo  Prescott,A5MNMU9DG0IGKN,"Helper, Driver","CDV, Standard Parcel , EDV, DOT, Step Van",2029-10-04,9125550173,+12285550114,driver068@example.com,ACTIVE
Elodie Micah Hawthorne,A503VSKH6DU6TJ,"Helper, Driver","CDV, EDV, Standard Parcel ",2027-02-05,5935550149,+16205550191,driver069@example.com,ACTIVE
Elodie Vandermeer,AKA0HPH6GU9DK,"Helper, Driver","CDV, Standard Parcel , EDV, Step Van",2033-10-31,6735550195,+15865550105,driver070@example.com,ACTIVE
Greta Esme Vance,A7O9MN0YIUZXN,"Helper, Driver","AMZL_HELPER, CDV, Standard Parcel , EDV",2034-03-13,5035550107,+15035550107,driver071@example.com,ACTIVE
Isidro Ariana Ingram,A55NZ7WTBR2RXC,"Helper, Driver","CDV, Standard Parcel , EDV",2034-07-04,4295550141,+13675550199,driver072@example.com,ACTIVE
Ariana  Isidro  Bellamy,A3GCACN9O9U50U,"Helper, Driver","AMZL_HELPER, CDV, Standard Parcel , EDV",2034-06-01,8855550112,+18855550112,driver073@example.com,ACTIVE
Jenna Sabrina Wadsworth,ABKOFF0LKTPI2,"Helper, Driver","AMZL_HELPER, CDV, Standard Parcel , EDV",2031-01-07,8375550195,+18375550195,driver074@example.com,INACTIVE
Yara  Julian Halloran,A3FM1CRWW54MMO,"Helper, Driver","AMZL_HELPER, CDV, Standard Parcel , EDV, DOT, Step Van",2029-10-13,7925550135,+15945550134,driver075@example.com,ACTIVE
Mason Nolan Marlowe,A76I0LK0VJ8Y4G,"Helper, Driver","CDV, Standard Parcel , EDV, Step Van",2030-07-11,9755550170,+18365550104,driver077@example.com,INACTIVE
Sabrina Tristan Gresham,A9LE0ZXWQH9RYQ,"Helper, Driver","CDV, Standard Parcel , EDV, Step Van",2032-02-02,7995550143,+18165550116,driver078@example.com,ACTIVE
Darcy Rowan Danforth,A72V4W2G2KLM6B,"Helper, Driver","AMZL_HELPER, CDV, Standard Parcel , EDV",2032-03-25,3505550159,+15945550134,driver079@example.com,ACTIVE
Ariana  Nethercott,A1I13S2WRY55FH,"Helper, Driver","AMZL_HELPER, CDV, Standard Parcel , EDV",2032-11-16,8815550123,+12965550118,driver080@example.com,ACTIVE
Flora Orson Huxley,A1LSR7SEOTKE3I,"Helper, Driver","AMZL_HELPER, CDV, Standard Parcel , EDV",2031-09-22,5025550122,+15515550124,driver082@example.com,INACTIVE
