Station,Trabsporter ID,Driver Name,Year,Week,Lifetime Routes,Weeks Tenured
XXX1,AK92X3BJNUBTF,Carmen Abernathy,2026,35,412,86
XXX1,A1QVVPYVZD6R9F,Beatrice Sutherland,2026,35,287,61
XXX1,AM1LFFMLPUMPM,Sabrina S Woodbridge,2026,35,96,24
XXX1,A9KLW1P144EJA8,Xavier Tabitha Bannister,2026,35,"1,234",212
XXX1,A1E4CRQE9TMGKN,Colton Cleo Alderman,2026,35,58,17
XXX1,A5WB9Y629G3A95,Kendra Gemma Rainsford,2026,35,0,1
XXX1,A2C74O0LD4D9HD,Jasper Desmond Holloway,2026,35,731,143
XXX1,A9CW8HB7Y0K8F4,Darcy Isidro Gresham,2026,34,150,38
XXX1,A9CW8HB7Y0K8F4,Darcy Isidro Gresham,2026,36,158,40
XXX1,A5C89KIOHQ4K4J,Darcy Lindqvist,2026,35,n/a,29
XXX1,ANC8ZRCZP4NFS,Nell Bellamy,2026,35,44,12
XXX1,AO2I4MJ59WDHS,Micah Tobias Kingsley,2026,35,203,52
